{"cameraMode":{"drawMode":0,"name":"Shaded","section":"Shading Mode"},"sceneLighting":false,"audioPlay":false,"sceneViewState":{"showFog":true,"showMaterialUpdate":false,"showSkybox":false,"showFlares":true,"showImageEffects":true,"showParticleSystems":true},"in2DMode":false,"pivot":{"x":0.09930133819580078,"y":0.060974400490522388,"z":0.16112899780273438},"rotation":{"x":-0.32668378949165347,"y":0.6403101086616516,"z":-0.3629932105541229,"w":-0.594249963760376},"size":10.951727867126465,"orthographic":false}