{"cameraMode":{"drawMode":0,"name":"Shaded","section":"Shading Mode"},"sceneLighting":false,"audioPlay":false,"sceneViewState":{"showFog":true,"showMaterialUpdate":false,"showSkybox":false,"showFlares":true,"showImageEffects":true,"showParticleSystems":true},"in2DMode":false,"pivot":{"x":-55.64033508300781,"y":15.184688568115235,"z":-23.977886199951173},"rotation":{"x":0.05467517673969269,"y":-0.9315189719200134,"z":0.32319000363349917,"w":0.15833017230033875},"size":4.9520063400268559,"orthographic":false}