{"cameraMode":{"drawMode":0,"name":"Shaded","section":"Shading Mode"},"sceneLighting":false,"audioPlay":false,"sceneViewState":{"showFog":true,"showMaterialUpdate":false,"showSkybox":false,"showFlares":true,"showImageEffects":true,"showParticleSystems":true},"in2DMode":false,"pivot":{"x":0.06469881534576416,"y":3.4348061084747316,"z":-0.062409043312072757},"rotation":{"x":-0.2391623556613922,"y":0.38176992535591128,"z":-0.10294954478740692,"w":-0.8868526816368103},"size":13.302760124206543,"orthographic":false}