{"cameraMode":{"drawMode":0,"name":"Shaded","section":"Shading Mode"},"sceneLighting":true,"audioPlay":false,"sceneViewState":{"showFog":true,"showMaterialUpdate":false,"showSkybox":true,"showFlares":true,"showImageEffects":true,"showParticleSystems":true},"in2DMode":false,"pivot":{"x":-112.38855743408203,"y":44.78517150878906,"z":124.08360290527344},"rotation":{"x":-0.2804858386516571,"y":0.15718518197536469,"z":-0.046634793281555179,"w":-0.945770800113678},"size":3.452003002166748,"orthographic":false}