{"cameraMode":{"drawMode":0,"name":"Shaded","section":"Shading Mode"},"sceneLighting":false,"audioPlay":false,"sceneViewState":{"showFog":true,"showMaterialUpdate":false,"showSkybox":false,"showFlares":true,"showImageEffects":true,"showParticleSystems":true},"in2DMode":false,"pivot":{"x":0.21105420589447022,"y":0.807631254196167,"z":0.35184717178344729},"rotation":{"x":0.09402614831924439,"y":-0.7552785873413086,"z":0.111574687063694,"w":0.6391558051109314},"size":7.0620598793029789,"orthographic":false}