{"cameraMode":{"drawMode":0,"name":"Shaded","section":"Shading Mode"},"sceneLighting":false,"audioPlay":false,"sceneViewState":{"showFog":true,"showMaterialUpdate":false,"showSkybox":false,"showFlares":true,"showImageEffects":true,"showParticleSystems":true},"in2DMode":false,"pivot":{"x":1.1920928955078126e-7,"y":1.544077754020691,"z":0.15374135971069337},"rotation":{"x":0.09402614831924439,"y":-0.7552785873413086,"z":0.111574687063694,"w":0.6391558051109314},"size":6.277011871337891,"orthographic":false}