{"cameraMode":{"drawMode":0,"name":"Shaded","section":"Shading Mode"},"sceneLighting":false,"audioPlay":false,"sceneViewState":{"showFog":true,"showMaterialUpdate":false,"showSkybox":false,"showFlares":true,"showImageEffects":true,"showParticleSystems":true},"in2DMode":false,"pivot":{"x":2.991363763809204,"y":1.1841020584106446,"z":-0.25275737047195437},"rotation":{"x":0.09402614831924439,"y":-0.7552785873413086,"z":0.111574687063694,"w":0.6391558051109314},"size":4.774817943572998,"orthographic":false}