{"cameraMode":{"drawMode":0,"name":"Shaded","section":"Shading Mode"},"sceneLighting":false,"audioPlay":false,"sceneViewState":{"showFog":true,"showMaterialUpdate":false,"showSkybox":false,"showFlares":true,"showImageEffects":true,"showParticleSystems":true},"in2DMode":false,"pivot":{"x":-2.2866358757019045,"y":-0.21829761564731599,"z":2.6974408626556398},"rotation":{"x":-0.2329523265361786,"y":0.3785284161567688,"z":-0.0990358218550682,"w":-0.8903331160545349},"size":12.432414054870606,"orthographic":false}